ID,target,path
8b7a49a085e6e092.jpg,16,./data/train/
c44dd5fb74c16964.jpg,3,./data/train/
8595a16cf5971251.jpg,4,./data/train/
cd0f485de1be0538.jpg,1,./data/train/
90bed2b1fe15453b.jpg,15,./data/augmented/
5d53d389933f4429.jpg,1,./data/augmented/
fd344db80a9a9708.jpg,2,./data/augmented/
3555c7c9d966077e.jpg,11,./data/augmented/
9dcba71716f48706.jpg,10,./data/train/
5eb8d197d228609e.jpg,16,./data/train/
d5519b4b4b4b23f8.jpg,10,./data/train/
68465df7e54034e7.jpg,14,./data/augmented/
85bf897665f00361.jpg,4,./data/augmented/
9ee008d242d65e2b.jpg,16,./data/augmented/
2b48c5df850c656b.jpg,12,./data/train/
a0d422140ba03bcb.jpg,8,./data/train/
11d2eeafa3170c62.jpg,13,./data/train/
3894573a98e02cc8.jpg,0,./data/train/
7b49170a9fd282ea.jpg,8,./data/augmented/
64b7b327bee5ff46.jpg,10,./data/augmented/
3deed21958961f2a.jpg,10,./data/train/
4fd4d1f693c164e6.jpg,16,./data/train/
0925f9ef30720e52.jpg,1,./data/augmented/
91f89a9a3238fc94.jpg,14,./data/augmented/
961614f0ef702ce9.jpg,10,./data/augmented/
4bdec47234b71ffb.jpg,14,./data/augmented/
f3288f19fb0f2b75.jpg,14,./data/augmented/
e8e698529229a72a.jpg,10,./data/train/
594863cf7ecceab8.jpg,13,./data/train/
8a98695fe6bd158c.jpg,13,./data/train/
fea6ad156a141a37.jpg,8,./data/train/
d6e84bf25de1298a.jpg,16,./data/augmented/
ecbc01d97196b70a.jpg,0,./data/augmented/
b7423812e6c1bc67.jpg,3,./data/train/
62c1c6a75593ec52.jpg,2,./data/train/
3ed8af50dbed1d8a.jpg,12,./data/train/
ba95708686a33f50.jpg,2,./data/train/
300c5be1070fd0ca.jpg,0,./data/train/
4c9d1b5a97095be3.jpg,3,./data/train/
686ac0f84cef81a3.jpg,15,./data/augmented/
508391fc78dd9420.jpg,7,./data/train/
6d6ffab07161b8be.jpg,11,./data/train/
01c0b97e1492b220.jpg,15,./data/train/
3f661802e1c3f4ad.jpg,9,./data/train/
fcc6d937960351e3.jpg,11,./data/train/
1cdeefc0cbab4c31.jpg,9,./data/augmented/
39aac55dba3a8184.jpg,12,./data/train/
317d0100d8d875cd.jpg,10,./data/train/
cc26b4fc96adaa29.jpg,14,./data/train/
14e71e8bec67f1a3.jpg,8,./data/augmented/
ada70daa72066d50.jpg,13,./data/train/
89d9f15b59eab688.jpg,4,./data/augmented/
ae7a90e7eec6afa2.jpg,9,./data/train/
2a3790ab1adfe1f4.jpg,3,./data/train/
8b9b54fe138f9290.jpg,16,./data/train/
b0579fc08290eb15.jpg,13,./data/train/
cefa1db5be4030ee.jpg,0,./data/train/
7acf0f2c4533e428.jpg,13,./data/augmented/
3697795011b535c6.jpg,2,./data/train/
ab9694a5b31f6f83.jpg,12,./data/augmented/
93e7beb687d63a62.jpg,11,./data/augmented/
a9bcbd65802de40b.jpg,12,./data/train/
7e9e5fed6c7748b8.jpg,13,./data/train/
3bb223f51066e2ab.jpg,5,./data/train/
ab74a4a15213ef9e.jpg,16,./data/augmented/
78b3f4f8fde4d8e5.jpg,14,./data/augmented/
e3b44c1a14dba712.jpg,9,./data/train/
5560176771b2f4f2.jpg,1,./data/augmented/
c82e4e5709492578.jpg,9,./data/train/
8915a47b5b1ec970.jpg,15,./data/augmented/
9404f47da99422e2.jpg,4,./data/train/
467d6c568a375294.jpg,9,./data/augmented/
15b7c95b4bffa703.jpg,16,./data/train/
7ab983002722bfdd.jpg,9,./data/train/
b77db39aea710089.jpg,4,./data/augmented/
0636f0cd41b60ffe.jpg,2,./data/train/
a3d39b4e99c5677e.jpg,11,./data/train/
ef2bf2a6aa6f525d.jpg,14,./data/augmented/
78b3f4f8fde4d8e5.jpg,14,./data/train/
159f76320c144a6a.jpg,7,./data/augmented/
677b9ff187f51bf4.jpg,1,./data/augmented/
cd109051fb268282.jpg,2,./data/train/
0664699c12c8162c.jpg,11,./data/train/
cad7b583d69307dd.jpg,16,./data/train/
32cd3c80f5ceca3e.jpg,1,./data/augmented/
04320d1d34f005ca.jpg,14,./data/augmented/
51b357c1f450069b.jpg,5,./data/train/
133b0b66418f5992.jpg,8,./data/train/
56110e2abf6c379c.jpg,5,./data/train/
13c183761855c4e6.jpg,2,./data/train/
3958ff328e348138.jpg,12,./data/augmented/
4a7c4627a519f7b6.jpg,16,./data/train/
8b93c5f46f697d71.jpg,8,./data/augmented/
8c101e24af39a6c8.jpg,0,./data/train/
b993227004156755.jpg,4,./data/augmented/
3e51ededb8c6e939.jpg,0,./data/train/
b1dad2db5c2de2da.jpg,15,./data/train/
df29ecbe84bcb5af.jpg,6,./data/augmented/
891306f615d54cc0.jpg,10,./data/train/
91f89a9a3238fc94.jpg,14,./data/augmented/
4146570192e08710.jpg,6,./data/train/
b809e8d859f82012.jpg,6,./data/train/
2e939381a84d19cf.jpg,7,./data/augmented/
b993227004156755.jpg,4,./data/augmented/
22819e513decca0f.jpg,14,./data/augmented/
66e077b9e126c7cb.jpg,12,./data/train/
80d85bb2bd481cff.jpg,15,./data/train/
45ec22e6b1b60734.jpg,14,./data/augmented/
cb21eaf0f58e325a.jpg,9,./data/train/
65a6353fc364f6bb.jpg,2,./data/train/
457cd32cb351d570.jpg,12,./data/train/
3ffe6ae0f539496d.jpg,0,./data/augmented/
cb80827b28619aa2.jpg,3,./data/train/
8ea17c5687d735b3.jpg,0,./data/train/
418bf4c97eddc30a.jpg,4,./data/train/
3b013762fcc19049.jpg,7,./data/train/
bcb61c4330131a1b.jpg,1,./data/augmented/
b827c05dd3feaaaf.jpg,13,./data/augmented/
5c8d6bb560bc0f79.jpg,6,./data/augmented/
eb1d69cc1a225f74.jpg,11,./data/augmented/
bc78e06b69c5f683.jpg,5,./data/augmented/
0cdf7f30dbeacb1c.jpg,0,./data/train/
18964b9de31b1356.jpg,2,./data/train/
edbce4c482ef0ca5.jpg,8,./data/augmented/
677b9ff187f51bf4.jpg,1,./data/train/
8345196de286a646.jpg,14,./data/augmented/
8f7f2eb659856254.jpg,2,./data/train/
f176f6c25b7bd8ae.jpg,13,./data/augmented/
f4fa7f3070cf4203.jpg,13,./data/augmented/
5c4fa8be15d53311.jpg,6,./data/train/
02ebb92c43006832.jpg,11,./data/train/
a5ea50be18045857.jpg,13,./data/train/
442106839e07ff35.jpg,12,./data/augmented/
638449335fbd1759.jpg,12,./data/augmented/
9b99cecf50af090a.jpg,1,./data/augmented/
ffc22136f958deb1.jpg,9,./data/train/
410664d321327e7f.jpg,15,./data/train/
60aeb7b4944d9d72.jpg,13,./data/train/
a96501bdfa22f1ac.jpg,3,./data/augmented/
1857d71e467f27a2.jpg,1,./data/augmented/
b41de9491b14ca00.jpg,5,./data/augmented/
bf04a8fc221acd6a.jpg,6,./data/augmented/
2b79f6f8cce0368c.jpg,0,./data/train/
dc15f16dbca38f7e.jpg,15,./data/train/
f6a6192b791a65a1.jpg,0,./data/augmented/
03075ea3046d4459.jpg,15,./data/train/
51fe52a95d431a86.jpg,3,./data/augmented/
f35b36871c75494a.jpg,4,./data/train/
f3451b2510437eba.jpg,14,./data/train/
d77f9822b3b488ca.jpg,12,./data/train/
2e3550bead1a72cb.jpg,14,./data/augmented/
8dd6f4abd109d578.jpg,9,./data/train/
b1b8135883880397.jpg,6,./data/train/
f5ea433b1cf5757d.jpg,13,./data/train/
90bed2b1fe15453b.jpg,15,./data/augmented/
1c893f02de43b62a.jpg,3,./data/train/
57f3fc5e8ef23c8e.jpg,5,./data/train/
3ce11e38e41063e0.jpg,10,./data/augmented/
02d404271e4965fa.jpg,15,./data/augmented/
7530a83040316e47.jpg,1,./data/train/
b61ae52dc266394f.jpg,8,./data/train/
1ec14a14bbe633db.jpg,14,./data/augmented/
7c75b44fa4fb5c1f.jpg,4,./data/train/
53e003ccf185b249.jpg,14,./data/augmented/
1ec14a14bbe633db.jpg,14,./data/augmented/
65886a07284e5f43.jpg,4,./data/augmented/
03648b6855b9f8c1.jpg,10,./data/train/
a6fc2ea190daebc9.jpg,3,./data/train/
72dcf78da45303d2.jpg,11,./data/augmented/
356d8b33c4a3881c.jpg,8,./data/train/
d364910163665575.jpg,1,./data/train/
1f5b35d7e43136cf.jpg,6,./data/train/
5c8d6bb560bc0f79.jpg,6,./data/train/
be6311cc2841ba1f.jpg,7,./data/augmented/
527bbc026f211d97.jpg,13,./data/train/
9a51b2f5f6e6cc2f.jpg,12,./data/train/
6c01be75619654ab.jpg,15,./data/augmented/
4fc43e7a1b6dd9f9.jpg,15,./data/train/
868488f5c4d60f6b.jpg,5,./data/augmented/
5f489ecf342e00d2.jpg,15,./data/train/
5e6b87eefb3f06a3.jpg,1,./data/augmented/
36c7cfcc9e17a134.jpg,0,./data/augmented/
f23244d093034a7e.jpg,4,./data/train/
878870db1b71a44c.jpg,10,./data/train/
2e939381a84d19cf.jpg,7,./data/train/
60c51c3e594c25d8.jpg,7,./data/augmented/
739e4dea86e517c6.jpg,7,./data/train/
e65f8e245c0d50b0.jpg,10,./data/train/
b709b64897d9233f.jpg,3,./data/train/
abb3f1590ca9067a.jpg,13,./data/augmented/
c70d7245dd936788.jpg,4,./data/train/
782b87f9c888e71e.jpg,6,./data/train/
3555c7c9d966077e.jpg,11,./data/train/
abcadd0c3e61c71a.jpg,16,./data/train/
7c47da1439b3a661.jpg,9,./data/augmented/
52b3406a5da092e7.jpg,11,./data/augmented/
a4dafcbb175ac0e1.jpg,11,./data/augmented/
2916e5db8a60d01a.jpg,0,./data/train/
5321f2bca9dc723f.jpg,4,./data/train/
493382458cfa36b8.jpg,13,./data/train/
2344b9ce3755221e.jpg,8,./data/augmented/
9ee008d242d65e2b.jpg,16,./data/augmented/
9f9456c5f30ede0a.jpg,8,./data/augmented/
b98c9e7804e8b6dd.jpg,12,./data/train/
5d53d389933f4429.jpg,1,./data/train/
d1e5c572377e11de.jpg,15,./data/train/
a79ea7eb477273bd.jpg,12,./data/train/
bf3057365931822c.jpg,0,./data/train/
d47d31e47169ccdf.jpg,4,./data/train/
f4d4c7510f579845.jpg,16,./data/train/
3aa71b5ec5630ae9.jpg,9,./data/train/
3bfe7ede8461906b.jpg,0,./data/train/
5c8d6bb560bc0f79.jpg,6,./data/augmented/
e4875d47b263b7eb.jpg,2,./data/train/
7ba159018cb5c499.jpg,0,./data/train/
ee459b37af794ed7.jpg,0,./data/augmented/
3c99358b35b7e8fa.jpg,13,./data/train/
a4665a740c6acbe9.jpg,12,./data/train/
181e78045b123ee2.jpg,5,./data/train/
912740e8a136bfcd.jpg,16,./data/train/
067f25e0435ab78b.jpg,7,./data/augmented/
4802719556a4017a.jpg,9,./data/augmented/
98bfb3dcc8fe6325.jpg,4,./data/train/
3963920965897f10.jpg,3,./data/augmented/
a858edd4f3c06833.jpg,6,./data/augmented/
d78d08f7feeb2225.jpg,15,./data/train/
71dde89e294555fc.jpg,4,./data/train/
d074a29e97aee277.jpg,10,./data/train/
1d5ba2a00f0b1337.jpg,5,./data/augmented/
5f86b7790b475a00.jpg,3,./data/train/
3cb6afbeaffba974.jpg,2,./data/train/
b2062857386ce836.jpg,2,./data/train/
f3d4cabc480bfc06.jpg,14,./data/augmented/
b7f64df2b1a77e94.jpg,9,./data/train/
b460c73d31e47772.jpg,15,./data/train/
097bf6816bf11df3.jpg,0,./data/augmented/
c967607b85f769e7.jpg,15,./data/train/
d277a4cd000dfeca.jpg,2,./data/train/
6169268c7f8518fe.jpg,6,./data/augmented/
ee44ae70132a1882.jpg,0,./data/train/
ee943015dc2fda3b.jpg,0,./data/train/
77595f4cd1a31f8a.jpg,16,./data/train/
ae7a90e7eec6afa2.jpg,9,./data/augmented/
3af0108e01850ce2.jpg,2,./data/train/
4f15438f43c3bd4b.jpg,2,./data/augmented/
a21361253c8f3fe7.jpg,5,./data/augmented/
43ac24060d10b7e5.jpg,16,./data/train/
ab74a4a15213ef9e.jpg,16,./data/train/
d5f879880827292a.jpg,0,./data/train/
bf7b8a3fac473a79.jpg,14,./data/train/
60736fb522fa9311.jpg,13,./data/train/
51807e423fc0a50b.jpg,15,./data/augmented/
e01f894df0a13db3.jpg,14,./data/augmented/
d1c2651c46b5a95b.jpg,11,./data/train/
b6fead8b27b09f6a.jpg,8,./data/train/
694770262d00d28a.jpg,10,./data/train/
ab550f9eba0bb66e.jpg,11,./data/augmented/
c17d5a6399b48237.jpg,13,./data/augmented/
a6b33f25064274bf.jpg,16,./data/train/
81ca8f684b6aee30.jpg,7,./data/train/
72dcf78da45303d2.jpg,11,./data/train/
37a79e77c1c3ed6d.jpg,11,./data/augmented/
ae716e6f75abc9e1.jpg,15,./data/augmented/
e887b53c900b4133.jpg,1,./data/augmented/
bf378d29d811faa8.jpg,11,./data/augmented/
39e47698e2ffe3d6.jpg,0,./data/train/
1f5b35d7e43136cf.jpg,6,./data/augmented/
bf378d29d811faa8.jpg,11,./data/train/
ebbe01aaff327255.jpg,14,./data/augmented/
38d1796b6ad99ddd.jpg,11,./data/augmented/
8145e009ad6dd52d.jpg,12,./data/train/
86363da117fc12f1.jpg,8,./data/train/
55e25985ad013d19.jpg,4,./data/train/
1a230ae459855d4b.jpg,9,./data/augmented/
a8dc8ee8364834aa.jpg,16,./data/train/
ff8a6a251ce51c95.jpg,5,./data/train/
4606a9ccbc65f3e5.jpg,10,./data/augmented/
ce20ee390833e1ed.jpg,4,./data/train/
f600c9bd27ad3bcf.jpg,10,./data/train/
4538698894b1f859.jpg,12,./data/train/
794938aa61f01452.jpg,3,./data/augmented/
703e90507a11d59e.jpg,11,./data/augmented/
fd0e37a8306b5905.jpg,10,./data/augmented/
31b8db5e4a6c36a0.jpg,1,./data/train/
4e5848a4ad483009.jpg,7,./data/train/
317d0100d8d875cd.jpg,10,./data/augmented/
76a643f0d997792f.jpg,8,./data/augmented/
b6c45bbd0d5173c6.jpg,1,./data/augmented/
5d9bcf9f425718ae.jpg,8,./data/train/
0f1936616378ab3a.jpg,13,./data/augmented/
71b4afcf511ef770.jpg,7,./data/augmented/
65453fe7b270cd4a.jpg,0,./data/augmented/
3f0cca298c59752d.jpg,3,./data/train/
6ce5c3ace8c4601d.jpg,8,./data/augmented/
2609d9a25bd136ee.jpg,6,./data/train/
aaff35477765a02f.jpg,1,./data/augmented/
555398e0765220c1.jpg,16,./data/train/
7508d0ccef20ee1e.jpg,10,./data/train/
5a1fdb6d28d26691.jpg,3,./data/train/
337eb06c7c2d709d.jpg,3,./data/train/
0d6a14437ad1a20e.jpg,7,./data/train/
08ef6f5c37cef1bb.jpg,9,./data/augmented/
1a230ae459855d4b.jpg,9,./data/train/
7acf0f2c4533e428.jpg,13,./data/train/
c4775dd3b2c001c4.jpg,9,./data/train/
3e75ed82d7e027a2.jpg,13,./data/train/
e7d48e33b1fc4dfb.jpg,12,./data/augmented/
c8ef1b2fdb8dbace.jpg,12,./data/train/
912740e8a136bfcd.jpg,16,./data/augmented/
233685659ef1ed84.jpg,13,./data/augmented/
acffd0c2090afaa9.jpg,6,./data/augmented/
50bdc79a2007cdcf.jpg,7,./data/train/
d422262eb6aa6033.jpg,14,./data/augmented/
337eb06c7c2d709d.jpg,3,./data/augmented/
a9faeff41820fa47.jpg,0,./data/train/
4e2a575b25836964.jpg,2,./data/train/
d17e596e8baca59b.jpg,14,./data/augmented/
8db8f37ec84b4f8f.jpg,14,./data/augmented/
2ece6d9427f8602b.jpg,1,./data/train/
a8bdaa6f4ac3e1f2.jpg,2,./data/augmented/
dfbcc39a0cd12380.jpg,3,./data/train/
1103b95d240a31bd.jpg,2,./data/augmented/
7ab2734fda8559de.jpg,0,./data/train/
3d6e3e961e5c394d.jpg,4,./data/train/
edabe0ee29af0f71.jpg,10,./data/train/
fae8d5c25f02d86a.jpg,16,./data/train/
4334b08d1c84cd7d.jpg,15,./data/augmented/
704f0cdc69a6d98d.jpg,4,./data/train/
13c183761855c4e6.jpg,2,./data/augmented/
7dbf8f668b479f2f.jpg,11,./data/train/
65e54d26136cd5e1.jpg,4,./data/train/
c8d19b87f856bbcd.jpg,16,./data/augmented/
96cfeea3a69bc803.jpg,0,./data/augmented/
590a4befbe2db3cc.jpg,13,./data/augmented/
0b574be91178eb35.jpg,9,./data/train/
757fec90bcdd3dec.jpg,3,./data/train/
46972b92fe19871e.jpg,2,./data/train/
162759419a76edff.jpg,15,./data/train/
bcb61c4330131a1b.jpg,1,./data/augmented/
d8adab6dfec3d43e.jpg,15,./data/train/
6c9e044cdd574bc5.jpg,12,./data/augmented/
c0ceb27fdfaa4aaf.jpg,3,./data/train/
66a01bd2435be87d.jpg,6,./data/train/
7a8291e3fc513778.jpg,2,./data/train/
5d377a525796e448.jpg,15,./data/train/
cc25ee18ef8d5dcf.jpg,2,./data/train/
acffd0c2090afaa9.jpg,6,./data/train/
b394d57c38b043cb.jpg,11,./data/augmented/
45f0d2dfc7e47c03.jpg,3,./data/train/
9383cf36b6faa003.jpg,5,./data/train/
db0ad34838522238.jpg,8,./data/train/
055271bc977c47c7.jpg,8,./data/train/
8e77f8a41cfabb11.jpg,4,./data/train/
4389d237184fcb1e.jpg,4,./data/augmented/
6351d90712c86582.jpg,16,./data/train/
8f15167e7d0b8afc.jpg,15,./data/train/
32f175a825abf9e8.jpg,9,./data/train/
83dae58025c2e2be.jpg,11,./data/train/
03636653282bb56c.jpg,5,./data/train/
7e6db317ae0f6798.jpg,0,./data/train/
df1caa3d9f344b5a.jpg,0,./data/train/
06c04208033a0ebf.jpg,0,./data/augmented/
39132ee7af16925f.jpg,0,./data/augmented/
eab87d51f62cb63e.jpg,0,./data/train/
e73de97b7c6ac109.jpg,2,./data/train/
14415a54a4805c75.jpg,16,./data/train/
4b9e174a06499f99.jpg,8,./data/train/
1370c2d3fc1dbaa6.jpg,16,./data/augmented/
e894c83f1cb6efac.jpg,3,./data/train/
9b99cecf50af090a.jpg,1,./data/train/
4eaac28ab81c0b83.jpg,6,./data/augmented/
37a581964c5dd537.jpg,9,./data/train/
1de204716ce483ca.jpg,4,./data/train/
f0c0ce213221e4c1.jpg,3,./data/train/
ea2d8812bee62658.jpg,5,./data/train/
4ed2947145d6a6a5.jpg,1,./data/augmented/
31b8db5e4a6c36a0.jpg,1,./data/augmented/
957a9861a894c253.jpg,6,./data/train/
73435b2b35ec0c32.jpg,1,./data/augmented/
3961bbc5ad66a757.jpg,16,./data/train/
1cbb286b54a7de7a.jpg,12,./data/train/
677b9ff187f51bf4.jpg,1,./data/augmented/
485508cdbc358c78.jpg,1,./data/augmented/
562f12548dbd4f46.jpg,0,./data/train/
f48bfe5c8b9948b4.jpg,9,./data/train/
0b9e81eacf022a95.jpg,9,./data/train/
6614317845c5c3bd.jpg,15,./data/augmented/
fe8093a9eab697de.jpg,16,./data/train/
6dcd1339e544cd25.jpg,12,./data/train/
96a93ef6f6510fca.jpg,6,./data/augmented/
8f5880fc713022c0.jpg,2,./data/augmented/
bcdf3ca09b310143.jpg,3,./data/train/
f3451b2510437eba.jpg,14,./data/augmented/
b4558f9fbab01ca6.jpg,11,./data/train/
c85e690b7fe577ad.jpg,10,./data/train/
9d380d37a3c5e37d.jpg,3,./data/train/
309ce6a6e13f0177.jpg,1,./data/augmented/
09213af8d64b7e04.jpg,10,./data/augmented/
c730c8081765dd47.jpg,5,./data/augmented/
1dc625f3328476d7.jpg,16,./data/train/
2887fd8fd6320039.jpg,1,./data/augmented/
93964b61ead8e03e.jpg,14,./data/augmented/
4146570192e08710.jpg,6,./data/augmented/
994255be33de9f68.jpg,3,./data/augmented/
e61d239495689428.jpg,1,./data/augmented/
868488f5c4d60f6b.jpg,5,./data/augmented/
f66cc08a628bc668.jpg,7,./data/augmented/
89d9f15b59eab688.jpg,4,./data/train/
1857d71e467f27a2.jpg,1,./data/augmented/
25cb3d4a2e9d24e2.jpg,3,./data/train/
a94927812fc5d31e.jpg,13,./data/augmented/
06e51d188361295c.jpg,12,./data/train/
80fe3a6b9c2f94d1.jpg,8,./data/train/
3b2ddc667cea0d48.jpg,7,./data/augmented/
e486affcd2c365ff.jpg,6,./data/augmented/
efb9805cc6106c48.jpg,6,./data/train/
bfc9fd388bfecaaf.jpg,5,./data/augmented/
4bed64cb9977e032.jpg,10,./data/augmented/
07a0a849cab135e0.jpg,0,./data/augmented/
dca9c3da2fd10251.jpg,7,./data/augmented/
1e5bf6fe5e8686d6.jpg,7,./data/train/
442106839e07ff35.jpg,12,./data/train/
b89c776a6a4b375b.jpg,4,./data/train/
7ae55baa09533c1f.jpg,4,./data/train/
5156dbccfd284692.jpg,6,./data/augmented/
e83156483c34d2ee.jpg,8,./data/train/
186099f62d5cb389.jpg,10,./data/train/
7bfc97dd53b51410.jpg,8,./data/train/
5be46f4d1470b120.jpg,13,./data/train/
6ce000129615ec5b.jpg,0,./data/train/
2b48c5df850c656b.jpg,12,./data/augmented/
100c0ec39409480d.jpg,15,./data/augmented/
1fc4f6a592ace1da.jpg,2,./data/train/
0250ee8107091ade.jpg,7,./data/train/
5da92a313921b370.jpg,10,./data/augmented/
f230a7ad534c49a6.jpg,6,./data/train/
6dbb0d26b45902b4.jpg,16,./data/train/
bdc0e937c23d0544.jpg,0,./data/train/
e1e40eaeb4a377d1.jpg,1,./data/augmented/
7a0874abecb8bf5a.jpg,3,./data/augmented/
bd0a254053c10ea2.jpg,6,./data/train/
bcf9041be7ebbe73.jpg,12,./data/train/
5940a96ae99a8bf8.jpg,3,./data/augmented/
dc4896b07123ad90.jpg,9,./data/augmented/
7179798d91789148.jpg,1,./data/train/
9f00632c64ca1afa.jpg,15,./data/augmented/
18d6eabbd7a90bc8.jpg,9,./data/augmented/
ae7a90e7eec6afa2.jpg,9,./data/augmented/
64b7b327bee5ff46.jpg,10,./data/augmented/
ce92390124ba79ba.jpg,2,./data/augmented/
6b0dd94eaf6694db.jpg,0,./data/augmented/
0c62a4a572d6abef.jpg,6,./data/train/
1107103b712796a3.jpg,16,./data/train/
562e641f4791dd0e.jpg,9,./data/train/
b2eda80548c86f2b.jpg,7,./data/train/
51fe52a95d431a86.jpg,3,./data/train/
aa0ec7b1f1ac825d.jpg,15,./data/augmented/
73435b2b35ec0c32.jpg,1,./data/augmented/
16176cca20eed3c8.jpg,4,./data/train/
a25f0fef0860116b.jpg,11,./data/train/
580468cba600b183.jpg,4,./data/train/
39132ee7af16925f.jpg,0,./data/train/
bd7d6479be4c286f.jpg,15,./data/train/
3cebf64f33f2f68a.jpg,5,./data/train/
4f251e4f50e1b033.jpg,9,./data/augmented/
bcfa1ce6259aaedd.jpg,5,./data/train/
e5e16f4d12999a48.jpg,2,./data/augmented/
7e99488642b706df.jpg,9,./data/train/
bc4ec38de4b79c75.jpg,13,./data/augmented/
df5de038a077c34a.jpg,0,./data/augmented/
d1278f7e49b24296.jpg,15,./data/augmented/
06c04208033a0ebf.jpg,0,./data/train/
13ff4fb604003772.jpg,10,./data/train/
2e9848b9a0ccbf72.jpg,13,./data/train/
2c83cba92c88468c.jpg,9,./data/train/
0f3ac436363ae727.jpg,14,./data/train/
d702a1dd3f401796.jpg,13,./data/augmented/
138d2612e021b11a.jpg,11,./data/train/
2d2269b6c266dff0.jpg,4,./data/augmented/
c4430e6c1890dbb8.jpg,9,./data/train/
365f9dd663ce66ec.jpg,5,./data/augmented/
6c64da4992b0908e.jpg,0,./data/augmented/
696204cbf98c1442.jpg,6,./data/train/
8cabf16f98cde77e.jpg,2,./data/augmented/
557f45c046376c71.jpg,12,./data/train/
1857d71e467f27a2.jpg,1,./data/augmented/
dbfa65dfa6f60e01.jpg,10,./data/train/
2f3571beb1cdbc2a.jpg,5,./data/augmented/
1d5ba2a00f0b1337.jpg,5,./data/train/
cb59f25e8cd30a04.jpg,9,./data/augmented/
642eeea5c00d9a8e.jpg,0,./data/augmented/
4f1a0debe89c7641.jpg,7,./data/train/
009235e4c9c07af5.jpg,4,./data/train/
2b1076abe3e4338d.jpg,13,./data/augmented/
d1cf22ae4426f919.jpg,13,./data/train/
d919dabe9f066dfc.jpg,1,./data/augmented/
5dcc0bc3c7e4d9f0.jpg,6,./data/train/
18f1cb6c0fa49c3f.jpg,6,./data/train/
3be7f7e9328c9df0.jpg,6,./data/train/
37f9414beea68229.jpg,14,./data/train/
4f4100964a806572.jpg,8,./data/train/
408855f38976f8cc.jpg,10,./data/train/
1923d2f3faa9a0b7.jpg,5,./data/augmented/
915151761e853562.jpg,5,./data/augmented/
f639384a02c71efd.jpg,7,./data/train/
c1887a6dc532382e.jpg,2,./data/augmented/
668d779a4bcbca9b.jpg,9,./data/train/
5e33827d9855b83a.jpg,1,./data/augmented/
4bed64cb9977e032.jpg,10,./data/train/
f185764e6c371e7b.jpg,2,./data/train/
d6a347d526941e79.jpg,4,./data/train/
ba133d22f8f3ba10.jpg,0,./data/train/
ca591b04903dc675.jpg,15,./data/train/
eb1d69cc1a225f74.jpg,11,./data/augmented/
3ffe6ae0f539496d.jpg,0,./data/augmented/
fd4b76606f445882.jpg,5,./data/train/
45de554390b44351.jpg,3,./data/train/
2f10436b17d47159.jpg,9,./data/train/
1ab6b4d6b1ebe5dd.jpg,7,./data/train/
88ede47bff8fe527.jpg,10,./data/train/
ccda0529911b2f64.jpg,16,./data/train/
00ec594b7cc89183.jpg,15,./data/train/
f7b8a56acc3d85c7.jpg,12,./data/train/
c3e5e2030b188c1f.jpg,7,./data/augmented/
d35ae77a02c90d79.jpg,2,./data/augmented/
bbebabe123611f14.jpg,16,./data/train/
898368eb7ad07511.jpg,2,./data/train/
4bf67e4500df13ca.jpg,6,./data/train/
737923b93a9c2de3.jpg,11,./data/augmented/
840c53f776730ffe.jpg,14,./data/augmented/
293316f2c9939133.jpg,0,./data/augmented/
26c2ffab3948e196.jpg,10,./data/train/
ba992ca72aaf3677.jpg,9,./data/augmented/
3749f61bc7fe4c1a.jpg,5,./data/train/
60736fb522fa9311.jpg,13,./data/augmented/
cd0f485de1be0538.jpg,1,./data/augmented/
d6340a38d264a3e7.jpg,8,./data/augmented/
a3252aa9f737d4ec.jpg,10,./data/augmented/
70e54fdd0135308b.jpg,12,./data/train/
840472f4cb2d7f5b.jpg,12,./data/augmented/
0482c84f6e50fc44.jpg,5,./data/train/
6951cb8e94d8669b.jpg,10,./data/train/
e5ec5c7ccc335b80.jpg,2,./data/train/
4a38e395726fbc06.jpg,7,./data/train/
6388f6a748b6b5c9.jpg,8,./data/train/
aae9b8d3d923ff75.jpg,12,./data/augmented/
1aa909832b5c4542.jpg,4,./data/train/
7a5c7b2d02f2dca6.jpg,4,./data/augmented/
0d7f2ffc25536b56.jpg,16,./data/train/
0ed0af9895d19304.jpg,5,./data/train/
831e7c40b7700f27.jpg,7,./data/train/
bcb61c4330131a1b.jpg,1,./data/augmented/
994255be33de9f68.jpg,3,./data/train/
8784cdf5c5549c8b.jpg,3,./data/train/
461eea7d62965d0e.jpg,16,./data/augmented/
f21a8b486a1c8077.jpg,16,./data/augmented/
228baafd60ceaae0.jpg,15,./data/train/
408855f38976f8cc.jpg,10,./data/augmented/
aac6d02aa2f222af.jpg,7,./data/train/
638449335fbd1759.jpg,12,./data/train/
3058a1d26cf2d4cc.jpg,16,./data/train/
47bfeda81405c1dd.jpg,11,./data/train/
e69f671605b83b31.jpg,1,./data/augmented/
f3288f19fb0f2b75.jpg,14,./data/train/
cc26b4fc96adaa29.jpg,14,./data/augmented/
4f67b1e9ba0fe848.jpg,3,./data/train/
68c5172e0d62f27d.jpg,11,./data/train/
ee4a18281036112e.jpg,15,./data/train/
5e6b87eefb3f06a3.jpg,1,./data/augmented/
c8f654044180fe34.jpg,10,./data/augmented/
15b7c95b4bffa703.jpg,16,./data/augmented/
1a5b5d5ceed7b946.jpg,14,./data/augmented/
2e3550bead1a72cb.jpg,14,./data/augmented/
5e6b87eefb3f06a3.jpg,1,./data/train/
1202c24bea56d1dc.jpg,5,./data/train/
2b35ea4896a3cb57.jpg,12,./data/train/
2e340057f941be08.jpg,5,./data/augmented/
3ebfa49cd84331d7.jpg,9,./data/train/
8071934820f18a2e.jpg,9,./data/augmented/
61519c9c56c03f33.jpg,8,./data/augmented/
6ce5c3ace8c4601d.jpg,8,./data/train/
b24e858828f3c79f.jpg,2,./data/augmented/
345e99c3012ad832.jpg,12,./data/train/
d037ac95ca3d0aa8.jpg,6,./data/train/
363edeab084e0800.jpg,13,./data/augmented/
9df479a4a43abb1c.jpg,1,./data/train/
a11d98cba433de36.jpg,15,./data/train/
8cafb65e2ac0681e.jpg,3,./data/train/
9223d8c34cef5b99.jpg,15,./data/augmented/
4fc43e7a1b6dd9f9.jpg,15,./data/augmented/
ab550f9eba0bb66e.jpg,11,./data/train/
6fdb4b80ba1cfb7b.jpg,6,./data/train/
d1b668ee2329c564.jpg,14,./data/augmented/
2552a6625015ace2.jpg,8,./data/train/
7c6fb8ca1b30ee46.jpg,14,./data/augmented/
6711b3773598320d.jpg,2,./data/train/
6951cb8e94d8669b.jpg,10,./data/augmented/
71a66c0c5e7f1806.jpg,7,./data/train/
186099f62d5cb389.jpg,10,./data/augmented/
a7b1a56abef7bcee.jpg,15,./data/train/
55e25985ad013d19.jpg,4,./data/augmented/
a0b924a3b29beafd.jpg,9,./data/train/
d89fe6f4cf91aa6e.jpg,5,./data/train/
0d7f2ffc25536b56.jpg,16,./data/augmented/
4af07f795888470b.jpg,9,./data/train/
cc26b4fc96adaa29.jpg,14,./data/augmented/
2b1076abe3e4338d.jpg,13,./data/train/
601849c7ef75e478.jpg,13,./data/train/
53937effdc1688e2.jpg,7,./data/train/
7960b14919ebf48a.jpg,7,./data/train/
c33f7435e4f272aa.jpg,12,./data/train/
690245deffbb23a6.jpg,3,./data/train/
4e63bb0e147078b6.jpg,13,./data/augmented/
1fbda5ffdc6abf49.jpg,4,./data/augmented/
a56a5cce90031150.jpg,4,./data/train/
2db10d90789ed7e6.jpg,4,./data/train/
93964b61ead8e03e.jpg,14,./data/train/
781f41d8469b6871.jpg,5,./data/train/
02dad82a9420ae86.jpg,7,./data/train/
aea1e441afe77b1b.jpg,15,./data/train/
3311d1b3fbfd27cb.jpg,10,./data/train/
0ad5ad8a888027e0.jpg,10,./data/train/
7c6fb8ca1b30ee46.jpg,14,./data/augmented/
2a0ab3ef1ad4f910.jpg,10,./data/train/
5a1fdb6d28d26691.jpg,3,./data/augmented/
6a2c867603ef83d9.jpg,10,./data/train/
edd68ccff7032f5e.jpg,8,./data/train/
1247240e60498c2f.jpg,8,./data/train/
12d1d9aa0ea45807.jpg,1,./data/augmented/
5810defe4b1b3ede.jpg,5,./data/train/
440c82c4d1c581c6.jpg,15,./data/train/
d941da0b32375b7b.jpg,15,./data/train/
3a4d4dfe70377fd1.jpg,5,./data/augmented/
bb4d477b8ffb8c11.jpg,6,./data/augmented/
4cfebc3ddc055855.jpg,11,./data/train/
0716742e75cfcbbf.jpg,15,./data/train/
d702a1dd3f401796.jpg,13,./data/train/
409367f5f5b7de98.jpg,12,./data/train/
0a9843bf4ec022f3.jpg,3,./data/augmented/
4ed2947145d6a6a5.jpg,1,./data/augmented/
c039533391ddbe53.jpg,7,./data/train/
ce20ee390833e1ed.jpg,4,./data/augmented/
62529466e45e88e1.jpg,4,./data/augmented/
1043b7e8f825705f.jpg,11,./data/augmented/
5e0a1d1d4b14d2e1.jpg,2,./data/train/
4e63bb0e147078b6.jpg,13,./data/augmented/
00b2f44967580c74.jpg,16,./data/train/
73435b2b35ec0c32.jpg,1,./data/train/
88eb38975f285b72.jpg,9,./data/train/
aa22f60af3cf37a1.jpg,16,./data/train/
92c296735de825e0.jpg,4,./data/train/
276944ce58a620d4.jpg,6,./data/augmented/
97e2aa947f74f55b.jpg,15,./data/train/
ca977774f8c03b0e.jpg,2,./data/train/
7619acf76043f672.jpg,6,./data/train/
c761bd0d7cd5f9fe.jpg,10,./data/train/
9759d7bf96f7dee5.jpg,11,./data/augmented/
5940a96ae99a8bf8.jpg,3,./data/augmented/
d422262eb6aa6033.jpg,14,./data/train/
75c0ad5d412bde18.jpg,8,./data/train/
c323c86de8033ad1.jpg,14,./data/augmented/
14073265c0fc4232.jpg,9,./data/augmented/
aa139804f175c3b6.jpg,7,./data/train/
8345196de286a646.jpg,14,./data/train/
ae967d9ebd4d4d6d.jpg,2,./data/train/
4c0afb59b757bf30.jpg,10,./data/augmented/
bcfa1ce6259aaedd.jpg,5,./data/augmented/
f9b5addf7a5b4407.jpg,4,./data/train/
23176b708b5111a4.jpg,9,./data/augmented/
fd4b76606f445882.jpg,5,./data/augmented/
836ea26ba4211e4d.jpg,4,./data/train/
b993227004156755.jpg,4,./data/train/
557f45c046376c71.jpg,12,./data/augmented/
11f522c4a00d4c8c.jpg,0,./data/augmented/
b3d82ea13c1b6cc6.jpg,6,./data/train/
b85142f970ee0423.jpg,6,./data/train/
78e054806debb3d0.jpg,9,./data/train/
c3629889f845bd50.jpg,4,./data/augmented/
b827c05dd3feaaaf.jpg,13,./data/train/
417c039e080304c5.jpg,11,./data/train/
59c47eb7aba8f7f1.jpg,3,./data/train/
f23244d093034a7e.jpg,4,./data/augmented/
7a5c7b2d02f2dca6.jpg,4,./data/augmented/
79b4985b91ddce77.jpg,16,./data/train/
9dffa0f2a63a1500.jpg,6,./data/train/
8646f2c3280a4f49.jpg,7,./data/train/
363edeab084e0800.jpg,13,./data/train/
06e3ae9dce375043.jpg,7,./data/train/
2916e5db8a60d01a.jpg,0,./data/augmented/
002f99746285dfdd.jpg,16,./data/train/
a19533ef80171e6c.jpg,15,./data/train/
ebbe01aaff327255.jpg,14,./data/augmented/
6c64da4992b0908e.jpg,0,./data/train/
b11635eb655b6717.jpg,11,./data/augmented/
a6468b3816c1325c.jpg,11,./data/train/
467d6c568a375294.jpg,9,./data/train/
0808c7453316041c.jpg,3,./data/train/
d919dabe9f066dfc.jpg,1,./data/augmented/
4826a34b61ae4e98.jpg,13,./data/train/
f3288f19fb0f2b75.jpg,14,./data/augmented/
68448bac622f658a.jpg,9,./data/train/
abb3f1590ca9067a.jpg,13,./data/augmented/
e1df80668c20548f.jpg,13,./data/augmented/
0787007d9064369b.jpg,13,./data/augmented/
961614f0ef702ce9.jpg,10,./data/augmented/
ef1e64cf23af5029.jpg,2,./data/augmented/
8595a16cf5971251.jpg,4,./data/augmented/
f4ed57b980215e6d.jpg,16,./data/train/
a4f9d599fd35486e.jpg,15,./data/train/
e61d239495689428.jpg,1,./data/augmented/
64bfe6bb12a2b19d.jpg,12,./data/train/
c688423e265502b4.jpg,8,./data/train/
96b654996b3c749d.jpg,4,./data/train/
15b7c95b4bffa703.jpg,16,./data/augmented/
dd890b6a9b2785e0.jpg,3,./data/train/
278277805e83e8b2.jpg,6,./data/train/
d017e0633aa9883d.jpg,9,./data/train/
bcfa1ce6259aaedd.jpg,5,./data/augmented/
c8816965abf6559b.jpg,1,./data/train/
365f9dd663ce66ec.jpg,5,./data/train/
46f1b9d6cb5864f5.jpg,13,./data/augmented/
2344b9ce3755221e.jpg,8,./data/augmented/
66469978dfc91a6a.jpg,4,./data/train/
8536be68aff02bad.jpg,8,./data/train/
8786ec88edd5b15b.jpg,0,./data/train/
e5a0d2a785508cfb.jpg,0,./data/augmented/
74a24ffce48fa35f.jpg,9,./data/train/
d8ebc588e0c30142.jpg,13,./data/train/
51c82bafa7f34b88.jpg,2,./data/train/
2c5a2a5f066b1c82.jpg,3,./data/train/
7cca99483bd473f0.jpg,9,./data/train/
d002fb843172f79c.jpg,3,./data/train/
00cfa88ce8973dea.jpg,5,./data/train/
c4710223093a582e.jpg,8,./data/train/
08511642b48c0fad.jpg,1,./data/augmented/
382d0975f15bcf4b.jpg,10,./data/train/
e3a0e3c88dd2de8c.jpg,9,./data/train/
2344b9ce3755221e.jpg,8,./data/train/
9ae5c389d3485e7d.jpg,12,./data/augmented/
233685659ef1ed84.jpg,13,./data/augmented/
630b0b8483e1abc9.jpg,5,./data/augmented/
df7d7932966d7e22.jpg,3,./data/train/
2a6a04ac881579f4.jpg,13,./data/train/
c0b2875c14ceca0c.jpg,6,./data/augmented/
c323c86de8033ad1.jpg,14,./data/augmented/
dc85f3f23b1b8016.jpg,8,./data/augmented/
4bdec47234b71ffb.jpg,14,./data/augmented/
431381d79be5b521.jpg,9,./data/train/
a312c1dbbcf4f20b.jpg,6,./data/train/
7c6fb8ca1b30ee46.jpg,14,./data/augmented/
149c8444ae80d630.jpg,13,./data/augmented/
3d298ee084f43b5e.jpg,7,./data/train/
f9e939c205cea5c6.jpg,7,./data/train/
8ac59e5ca46a99ea.jpg,13,./data/augmented/
1429280c33f2a820.jpg,8,./data/train/
0134204c33c8d37c.jpg,5,./data/train/
c1599db9cd8c2c16.jpg,5,./data/train/
270755a6d4055845.jpg,2,./data/augmented/
1bb0c218c35112e9.jpg,3,./data/train/
e8c0c381c02201c9.jpg,11,./data/train/
f271e8aa74800bae.jpg,9,./data/train/
2887fd8fd6320039.jpg,1,./data/augmented/
1eb0b4140776ba76.jpg,11,./data/train/
3697795011b535c6.jpg,2,./data/augmented/
878870db1b71a44c.jpg,10,./data/augmented/
8697260b366876a9.jpg,5,./data/train/
067f25e0435ab78b.jpg,7,./data/augmented/
00fdc02d9b552fe8.jpg,15,./data/train/
b965827e74ee614b.jpg,6,./data/train/
51d0c28834bff14f.jpg,8,./data/train/
99954fcbe12a8890.jpg,15,./data/train/
d1278f7e49b24296.jpg,15,./data/train/
486e83775bea4497.jpg,4,./data/augmented/
3a698c6a1d3a12ba.jpg,11,./data/train/
ecb7bb9b2d758680.jpg,11,./data/train/
522fe6f8d1abb5ef.jpg,16,./data/train/
9a36a151cf95bb29.jpg,1,./data/train/
6a5e59ff5eca67e7.jpg,16,./data/train/
d0a5557b10e84eda.jpg,15,./data/train/
c3e5e2030b188c1f.jpg,7,./data/train/
a8e56e8a521266dd.jpg,2,./data/train/
fcc6d937960351e3.jpg,11,./data/augmented/
0b305f87af38aeed.jpg,10,./data/train/
642eeea5c00d9a8e.jpg,0,./data/train/
bbc6a1043212c631.jpg,14,./data/train/
1a5b5d5ceed7b946.jpg,14,./data/augmented/
ef1e64cf23af5029.jpg,2,./data/augmented/
77f00ee49337ce33.jpg,11,./data/train/
6c7ee6f5642493df.jpg,0,./data/augmented/
026817f3f9434f5b.jpg,10,./data/augmented/
43c927101a14247f.jpg,3,./data/augmented/
5dcc0bc3c7e4d9f0.jpg,6,./data/augmented/
8513926fb711c64f.jpg,12,./data/train/
d479e89ccd1ac5f9.jpg,3,./data/augmented/
7c6dbe977e1eb23e.jpg,9,./data/train/
233685659ef1ed84.jpg,13,./data/train/
e6e4186f462c590e.jpg,16,./data/augmented/
2dec15a45154959e.jpg,8,./data/train/
30363ae8afb9f685.jpg,8,./data/train/
6ffc74bd3885ee68.jpg,15,./data/train/
da9a22b593000ffe.jpg,16,./data/train/
a1ab865095b2d312.jpg,2,./data/train/
941d9b492aa30620.jpg,3,./data/train/
7c6fb8ca1b30ee46.jpg,14,./data/train/
6650fc952634469b.jpg,13,./data/augmented/
738660387439a720.jpg,4,./data/train/
3958ff328e348138.jpg,12,./data/train/
135c81e626dbfde1.jpg,0,./data/train/
b5c66bc6a81dafc9.jpg,7,./data/train/
2c83cba92c88468c.jpg,9,./data/augmented/
8b93c5f46f697d71.jpg,8,./data/train/
bfc53da0b7ae4512.jpg,5,./data/train/
0604225f0353cb7c.jpg,16,./data/train/
03ce6a0a86939c04.jpg,2,./data/train/
04320d1d34f005ca.jpg,14,./data/augmented/
b592bfc7d0cb9458.jpg,2,./data/train/
bcce67ca3fec6158.jpg,12,./data/train/
d701754e411dcacb.jpg,10,./data/augmented/
ea67bd6071524b75.jpg,11,./data/augmented/
22819e513decca0f.jpg,14,./data/augmented/
dfa798b40397760b.jpg,11,./data/train/
706cc6881b18b291.jpg,3,./data/train/
64280b3a1deb4fe3.jpg,9,./data/train/
2e3550bead1a72cb.jpg,14,./data/augmented/
bf04a8fc221acd6a.jpg,6,./data/train/
fc85f507537c9300.jpg,4,./data/train/
e5bb1ca65bedae64.jpg,5,./data/augmented/
c1f03fc1895ae807.jpg,5,./data/train/
868488f5c4d60f6b.jpg,5,./data/train/
d87fe6344741e8e4.jpg,7,./data/augmented/
3696b2ffaa6147e6.jpg,14,./data/train/
9f9456c5f30ede0a.jpg,8,./data/train/
14555a04140dc3b4.jpg,5,./data/train/
20eb9af9eded1aea.jpg,12,./data/train/
85bf897665f00361.jpg,4,./data/train/
7d42ded7563626a4.jpg,3,./data/train/
9ace40a752cc7d7c.jpg,6,./data/augmented/
a9bcbd65802de40b.jpg,12,./data/augmented/
14073265c0fc4232.jpg,9,./data/train/
57b5968d4c045943.jpg,12,./data/train/
83623d4acfbed22d.jpg,8,./data/train/
c1f03fc1895ae807.jpg,5,./data/augmented/
d53c969a42faa2ad.jpg,8,./data/train/
e1d072534e243f52.jpg,10,./data/train/
3a9874f83dd1374a.jpg,13,./data/train/
f658d910990982f7.jpg,4,./data/train/
2ca6dd9543332aea.jpg,1,./data/augmented/
e77a343897a1b845.jpg,7,./data/train/
c323c86de8033ad1.jpg,14,./data/train/
11d78da553cb1577.jpg,10,./data/augmented/
73b17549c8ab8a99.jpg,8,./data/train/
0a9843bf4ec022f3.jpg,3,./data/train/
e525e58288d02d1d.jpg,12,./data/train/
e3b44c1a14dba712.jpg,9,./data/augmented/
37677496d1cb705a.jpg,6,./data/train/
794779cd2ac51622.jpg,1,./data/train/
52b3406a5da092e7.jpg,11,./data/train/
840c53f776730ffe.jpg,14,./data/train/
0e15e264405bd12a.jpg,3,./data/train/
f3d71b46eaba052c.jpg,8,./data/train/
22cdc44d695f2c1f.jpg,7,./data/train/
73435b2b35ec0c32.jpg,1,./data/augmented/
2e939381a84d19cf.jpg,7,./data/augmented/
c5f68f14522cc55e.jpg,11,./data/train/
8c101e24af39a6c8.jpg,0,./data/augmented/
5624748fdfd395a8.jpg,10,./data/augmented/
d66992280008c1a7.jpg,6,./data/train/
30363ae8afb9f685.jpg,8,./data/augmented/
fe30845b79d1d42f.jpg,7,./data/augmented/
2f54a350152fc848.jpg,10,./data/train/
ebc1b6158a726e1b.jpg,10,./data/train/
522fe6f8d1abb5ef.jpg,16,./data/augmented/
af650bfc45cb3c46.jpg,3,./data/augmented/
b309880a38eba04a.jpg,11,./data/train/
efd4eca4cf555c9c.jpg,8,./data/train/
08ef6f5c37cef1bb.jpg,9,./data/train/
1ae1f676bdb59f13.jpg,8,./data/train/
e4b25bf0fc41b317.jpg,16,./data/train/
ee655aa579958dab.jpg,15,./data/train/
3e74aa6ae952d1a3.jpg,2,./data/train/
e4073ae0f5024903.jpg,6,./data/augmented/
65453fe7b270cd4a.jpg,0,./data/train/
34c5189a68346df2.jpg,13,./data/augmented/
3ae93b2b566b6701.jpg,8,./data/train/
23776fee6a6a5aa5.jpg,15,./data/train/
e0309e1e1f05b1fd.jpg,3,./data/train/
f2d8a196eade5657.jpg,11,./data/augmented/
257781a5474229b2.jpg,5,./data/augmented/
47b26be990f7065a.jpg,11,./data/train/
9d09edebfd00ece2.jpg,10,./data/train/
9383cf36b6faa003.jpg,5,./data/augmented/
39aac55dba3a8184.jpg,12,./data/augmented/
c82ac5539a83f7f1.jpg,6,./data/train/
a7b4e66d98cde556.jpg,6,./data/augmented/
1043b7e8f825705f.jpg,11,./data/augmented/
1a91d8e63a70efea.jpg,15,./data/train/
cda2f69e86a3dd46.jpg,2,./data/train/
a683764ced480eb3.jpg,1,./data/train/
713c484c86197d5b.jpg,16,./data/train/
36e1647d484b88b7.jpg,7,./data/augmented/
733783e7eccfee05.jpg,7,./data/augmented/
36c7cfcc9e17a134.jpg,0,./data/train/
4448a078afa88f51.jpg,7,./data/train/
ef58942d1d7307fa.jpg,6,./data/train/
8189f3a50f102070.jpg,2,./data/augmented/
794938aa61f01452.jpg,3,./data/train/
78b3f4f8fde4d8e5.jpg,14,./data/augmented/
84ba3fe34d86a6ea.jpg,6,./data/train/
ada70219203e6139.jpg,0,./data/augmented/
a376fbdb67bc4a92.jpg,7,./data/augmented/
be53872196b3ae1d.jpg,3,./data/augmented/
af98b23b8a69ce68.jpg,6,./data/train/
c3151ab7322102cf.jpg,10,./data/augmented/
67271790e17abbf2.jpg,4,./data/train/
b6c8b10d1ffb2160.jpg,9,./data/train/
1fca58126b4d1128.jpg,14,./data/augmented/
cd6631958980681a.jpg,5,./data/train/
c6370d4f08c1783d.jpg,13,./data/augmented/
ccd4f6c0d9704c4f.jpg,5,./data/augmented/
a0b9e86061135d91.jpg,8,./data/train/
09213af8d64b7e04.jpg,10,./data/train/
bd7d6479be4c286f.jpg,15,./data/augmented/
2491313fc531e53c.jpg,12,./data/augmented/
9bae7a93f9a53462.jpg,10,./data/train/
9f00632c64ca1afa.jpg,15,./data/train/
55add846d31a1ece.jpg,7,./data/train/
e69f671605b83b31.jpg,1,./data/augmented/
a886ad9e2165f979.jpg,0,./data/train/
3dc5a8b739699f93.jpg,11,./data/augmented/
45413d5c253ff6a8.jpg,15,./data/train/
070ac425616e7d20.jpg,10,./data/augmented/
a29abb626fe9e017.jpg,16,./data/train/
12f0216cfc02be14.jpg,13,./data/train/
a6980c6d2779a5a7.jpg,5,./data/augmented/
703e90507a11d59e.jpg,11,./data/train/
f695cf40f51a910c.jpg,0,./data/train/
5af840cc6f074b98.jpg,10,./data/train/
0fa6bb7b61883601.jpg,0,./data/augmented/
9c147d4251268aaf.jpg,9,./data/augmented/
7970760bad68648a.jpg,5,./data/augmented/
9223d8c34cef5b99.jpg,15,./data/train/
3b75b362c09c5211.jpg,10,./data/train/
e8cd3ebad02d1de5.jpg,8,./data/train/
0fe5dca9a9183702.jpg,8,./data/augmented/
1dbf43241f30a8a4.jpg,9,./data/train/
5e33827d9855b83a.jpg,1,./data/train/
de7d9f54a1bc2676.jpg,15,./data/train/
49a92ee5ba8d656f.jpg,9,./data/train/
56015bf54949be11.jpg,5,./data/train/
373e02b8c92800b3.jpg,8,./data/train/
852a9eabe6fb3d1a.jpg,2,./data/augmented/
a3ca1c3a67b6d6e3.jpg,11,./data/train/
61b488cffc2de558.jpg,11,./data/train/
64cc2059ff0b2b7f.jpg,0,./data/train/
e5bb1ca65bedae64.jpg,5,./data/train/
5a6b7f756b95da64.jpg,2,./data/augmented/
762842c6d662af02.jpg,7,./data/train/
df03f4facff2b3e7.jpg,3,./data/train/
21aa0f921c2e123c.jpg,5,./data/train/
d8e55600369f078c.jpg,0,./data/train/
9ae5c389d3485e7d.jpg,12,./data/augmented/
5f047c4d27c6d01e.jpg,7,./data/augmented/
5074e85e2a75a1fe.jpg,14,./data/augmented/
7b6175b967d7c92f.jpg,3,./data/train/
c323c86de8033ad1.jpg,14,./data/augmented/
a0eee94c1f286d86.jpg,8,./data/augmented/
51d0c28834bff14f.jpg,8,./data/augmented/
767a627b4b2d862a.jpg,7,./data/augmented/
c766e48a1e3cc8d2.jpg,12,./data/augmented/
99d7241ecca09eaf.jpg,3,./data/train/
76b5c632711b3be0.jpg,16,./data/train/
f35b36871c75494a.jpg,4,./data/augmented/
36e1647d484b88b7.jpg,7,./data/augmented/
73435b2b35ec0c32.jpg,1,./data/augmented/
ed6965390c27e093.jpg,9,./data/train/
14e71e8bec67f1a3.jpg,8,./data/train/
5cab99cabced8333.jpg,5,./data/train/
5290b99808648432.jpg,11,./data/train/
cec6675f8c39147c.jpg,1,./data/augmented/
aaff35477765a02f.jpg,1,./data/train/
3e75ed82d7e027a2.jpg,13,./data/augmented/
11f522c4a00d4c8c.jpg,0,./data/train/
5f3d26e88ab186b6.jpg,0,./data/train/
6c01be75619654ab.jpg,15,./data/train/
f6a6192b791a65a1.jpg,0,./data/train/
a7b4e66d98cde556.jpg,6,./data/augmented/
68e28dd5366800c1.jpg,6,./data/train/
c6370d4f08c1783d.jpg,13,./data/train/
b0bb8e8b8cee9f80.jpg,11,./data/train/
1af85d095317707e.jpg,7,./data/train/
6650fc952634469b.jpg,13,./data/train/
706f88bd829080ed.jpg,14,./data/augmented/
4035044548fcc3a8.jpg,6,./data/train/
7b24704921b22122.jpg,12,./data/train/
2344b9ce3755221e.jpg,8,./data/augmented/
fa8945c106e8e610.jpg,7,./data/train/
da00cfad134c5c38.jpg,2,./data/train/
1a5b5d5ceed7b946.jpg,14,./data/train/
1c4f24cbd0c3b67f.jpg,5,./data/train/
ebd978302b4de8c5.jpg,9,./data/train/
a12797d405f1cb84.jpg,0,./data/train/
6234fa64cfeabf1b.jpg,12,./data/augmented/
b047a4e2d880c3df.jpg,0,./data/augmented/
96b654996b3c749d.jpg,4,./data/augmented/
487d701188730123.jpg,13,./data/augmented/
60c30c198d80fc5b.jpg,7,./data/train/
1ec14a14bbe633db.jpg,14,./data/augmented/
03084c1b03921a99.jpg,7,./data/train/
c0d43c9035f7d2b6.jpg,3,./data/train/
304fd1de239ea7c6.jpg,15,./data/augmented/
e9bab9b6d33881eb.jpg,4,./data/augmented/
6169268c7f8518fe.jpg,6,./data/train/
a4dafcbb175ac0e1.jpg,11,./data/train/
4f251e4f50e1b033.jpg,9,./data/augmented/
da67a6969f407128.jpg,8,./data/train/
8189f3a50f102070.jpg,2,./data/train/
d17e596e8baca59b.jpg,14,./data/augmented/
fd3cfa9a0566549e.jpg,5,./data/augmented/
2f3571beb1cdbc2a.jpg,5,./data/augmented/
b1df49cbaeaf5ad9.jpg,13,./data/train/
66e077b9e126c7cb.jpg,12,./data/augmented/
ef20ff8f143bfafc.jpg,5,./data/augmented/
37a79e77c1c3ed6d.jpg,11,./data/train/
47bfeda81405c1dd.jpg,11,./data/augmented/
fed9e9ec4a77bc06.jpg,4,./data/train/
18a13df74db514bf.jpg,4,./data/train/
7acf0f2c4533e428.jpg,13,./data/augmented/
097bf6816bf11df3.jpg,0,./data/augmented/
1003aefb72113a16.jpg,15,./data/train/
1efe346107bb463a.jpg,2,./data/train/
e61d239495689428.jpg,1,./data/augmented/
4bb7fd44ce85cd09.jpg,11,./data/train/
52455ce555f362c7.jpg,6,./data/train/
65e3c8286f990f3a.jpg,2,./data/augmented/
cb6f5cd693d1c7f4.jpg,12,./data/train/
f26f68c2c5db8b9b.jpg,8,./data/train/
66cbc35f2e055ac5.jpg,8,./data/train/
a4e56fe992bc6b33.jpg,9,./data/augmented/
0636f0cd41b60ffe.jpg,2,./data/augmented/
b11635eb655b6717.jpg,11,./data/train/
51fe52a95d431a86.jpg,3,./data/augmented/
159f76320c144a6a.jpg,7,./data/train/
ec5944aa6f505347.jpg,11,./data/train/
8ae19d84e8e620fa.jpg,7,./data/train/
46972b92fe19871e.jpg,2,./data/augmented/
3f429bb3635c49cd.jpg,12,./data/train/
ed5a4e5d317038eb.jpg,8,./data/train/
e8db1707653dc637.jpg,3,./data/train/
57a48562a058e968.jpg,2,./data/train/
9588b457eec4ae20.jpg,12,./data/train/
6d41878ae3c7e40b.jpg,16,./data/train/
d4f437fd7e06b4b2.jpg,8,./data/augmented/
58a4d8f4c983c6b0.jpg,11,./data/train/
71648dd333e17a65.jpg,12,./data/augmented/
edbf627d7217a4af.jpg,9,./data/train/
41a73bccafe280d2.jpg,7,./data/train/
1d78411ce7e87b5a.jpg,16,./data/train/
0d980f149d750aa8.jpg,15,./data/train/
527fab11eda98ffa.jpg,16,./data/train/
c3151ab7322102cf.jpg,10,./data/train/
e94cb361c4d52900.jpg,8,./data/augmented/
a3252aa9f737d4ec.jpg,10,./data/train/
efd4eca4cf555c9c.jpg,8,./data/augmented/
f7adaf5535c0ba79.jpg,12,./data/augmented/
baa0f051beaf049f.jpg,13,./data/augmented/
b73a389fc25cfd4e.jpg,9,./data/train/
c6a2d4c6b2b1dae8.jpg,8,./data/train/
88478aa0be9cff21.jpg,4,./data/train/
7bc3f5f4cc4f1873.jpg,3,./data/train/
defb0614f6e98814.jpg,9,./data/train/
79463b3198120a5b.jpg,12,./data/train/
3d81b423a1d5c984.jpg,0,./data/train/
d87fe6344741e8e4.jpg,7,./data/train/
43965cc70d7d14e0.jpg,12,./data/train/
1e5bf6fe5e8686d6.jpg,7,./data/augmented/
2fa2273e868d224e.jpg,10,./data/augmented/
64de0d5782390458.jpg,16,./data/augmented/
ba992ca72aaf3677.jpg,9,./data/train/
7100c5c67aecadc5.jpg,3,./data/train/
e7d48e33b1fc4dfb.jpg,12,./data/augmented/
de59e243f720f8e6.jpg,0,./data/train/
d5a441151b29db20.jpg,16,./data/train/
bbc6a1043212c631.jpg,14,./data/augmented/
1b60fba7141b8b33.jpg,11,./data/train/
ec0566c54c4cd5af.jpg,15,./data/augmented/
0a4adccbb7fe73e0.jpg,1,./data/train/
9e7d96a35f4a7272.jpg,0,./data/train/
64de0d5782390458.jpg,16,./data/train/
a1deb8f4332c8823.jpg,1,./data/augmented/
356d928ddcc18c2c.jpg,16,./data/train/
840c53f776730ffe.jpg,14,./data/augmented/
1a4d78981f730db6.jpg,8,./data/train/
ef1e64cf23af5029.jpg,2,./data/train/
42768ff4b8ca25a1.jpg,5,./data/train/
f22ee2bc97dfaacb.jpg,2,./data/train/
149c8444ae80d630.jpg,13,./data/augmented/
e525e58288d02d1d.jpg,12,./data/augmented/
cc26b4fc96adaa29.jpg,14,./data/augmented/
fc86eb71611c9854.jpg,6,./data/augmented/
af7482673fe0ba63.jpg,10,./data/train/
58a4d8f4c983c6b0.jpg,11,./data/augmented/
696204cbf98c1442.jpg,6,./data/augmented/
04d106668176a2e6.jpg,16,./data/train/
c2ca16445db5d2c3.jpg,16,./data/augmented/
bf1fb5abdc6da644.jpg,9,./data/train/
bff16e0005d7db3f.jpg,5,./data/train/
bc90aa6ad32aac6c.jpg,15,./data/augmented/
5a289c094c813d4a.jpg,11,./data/train/
50857120c1df0665.jpg,12,./data/train/
870e37a56286f13c.jpg,13,./data/train/
e4bf926244810e1b.jpg,7,./data/train/
2a75938541d36c4a.jpg,14,./data/train/
edbce4c482ef0ca5.jpg,8,./data/train/
1923d2f3faa9a0b7.jpg,5,./data/train/
5a6b7f756b95da64.jpg,2,./data/augmented/
fda9f9b14d231899.jpg,12,./data/train/
68ad00a3f2a7ecdb.jpg,0,./data/train/
a75e8a8662d20656.jpg,2,./data/train/
60c51c3e594c25d8.jpg,7,./data/augmented/
23f48245fd39a90c.jpg,2,./data/train/
824f40bb56fb0e4d.jpg,15,./data/train/
008ccd231e1fea5d.jpg,10,./data/train/
38ca25fc6cea6554.jpg,11,./data/train/
721029136b9956ff.jpg,15,./data/train/
53e003ccf185b249.jpg,14,./data/train/
e55e2da78637ab9a.jpg,15,./data/train/
74cdf0bf86283b84.jpg,4,./data/train/
84effa5e8f21ae90.jpg,7,./data/train/
aae17a71aeaf0ee8.jpg,6,./data/train/
70c329deab35bb61.jpg,7,./data/augmented/
e45d30315e6f3991.jpg,16,./data/train/
23776fee6a6a5aa5.jpg,15,./data/augmented/
1070b99464cb9755.jpg,12,./data/train/
ef2bf2a6aa6f525d.jpg,14,./data/augmented/
d7fca020e6e4f207.jpg,2,./data/augmented/
5b1f39022256d6f9.jpg,12,./data/augmented/
ada70219203e6139.jpg,0,./data/train/
5212b568235a1698.jpg,2,./data/augmented/
7970760bad68648a.jpg,5,./data/train/
0e1eb96c88179e6e.jpg,11,./data/train/
026817f3f9434f5b.jpg,10,./data/train/
ede6635db719d5b7.jpg,3,./data/train/
5d4c9847047f46cc.jpg,13,./data/train/
3393b9f804bff29f.jpg,7,./data/train/
02d404271e4965fa.jpg,15,./data/train/
b6c45bbd0d5173c6.jpg,1,./data/train/
cedaedb6431d1a40.jpg,9,./data/augmented/
f3d4cabc480bfc06.jpg,14,./data/augmented/
d1b668ee2329c564.jpg,14,./data/augmented/
ada70daa72066d50.jpg,13,./data/augmented/
241cfb4ccd3666f0.jpg,7,./data/train/
abb3f1590ca9067a.jpg,13,./data/train/
f4fa7f3070cf4203.jpg,13,./data/train/
8896e2785aae4234.jpg,2,./data/train/
7acf0f2c4533e428.jpg,13,./data/augmented/
7960b14919ebf48a.jpg,7,./data/augmented/
665e3f6bd4fb0a1c.jpg,4,./data/train/
a20bae0b99feb739.jpg,8,./data/train/
7a0874abecb8bf5a.jpg,3,./data/augmented/
ed58f4602c2b900f.jpg,16,./data/train/
10234347b425ff7e.jpg,12,./data/augmented/
da57d8eefd3cb622.jpg,6,./data/train/
149c501f1b14311c.jpg,13,./data/train/
31b8db5e4a6c36a0.jpg,1,./data/augmented/
1cbb286b54a7de7a.jpg,12,./data/augmented/
f3d4cabc480bfc06.jpg,14,./data/train/
6c9e044cdd574bc5.jpg,12,./data/train/
308ffb1480b710bb.jpg,3,./data/train/
392a24cddc8df59f.jpg,16,./data/train/
60aeb7b4944d9d72.jpg,13,./data/augmented/
5a434571d74cf4a5.jpg,6,./data/train/
62acf443f035ee3d.jpg,11,./data/augmented/
0716742e75cfcbbf.jpg,15,./data/augmented/
73824c562e4dbaed.jpg,5,./data/train/
4a48e1d9202ed3e1.jpg,15,./data/train/
5560176771b2f4f2.jpg,1,./data/train/
fed9e9ec4a77bc06.jpg,4,./data/augmented/
12d1d9aa0ea45807.jpg,1,./data/augmented/
aac51eae9d9f59f4.jpg,15,./data/train/
a3a762b4e4091608.jpg,15,./data/train/
4ed2947145d6a6a5.jpg,1,./data/augmented/
e01f894df0a13db3.jpg,14,./data/train/
4e038b45aa1e5324.jpg,5,./data/train/
be891ff3fe2d692c.jpg,0,./data/train/
39e47698e2ffe3d6.jpg,0,./data/augmented/
f111c0504fbd9b4a.jpg,9,./data/train/
aae17a71aeaf0ee8.jpg,6,./data/augmented/
ea379b41d59cec36.jpg,9,./data/train/
3a4d4dfe70377fd1.jpg,5,./data/train/
d41f82a2e58ebf33.jpg,3,./data/augmented/
8ac3e45df9bdbbad.jpg,6,./data/train/
055b74c6c5f5d86b.jpg,14,./data/augmented/
a1deb8f4332c8823.jpg,1,./data/train/
83417d8b7e02a45f.jpg,3,./data/augmented/
05c521f2659c0711.jpg,16,./data/train/
579be43726250a48.jpg,16,./data/augmented/
2081d0e29accb9b2.jpg,2,./data/train/
1495a1e3d1599fe1.jpg,7,./data/train/
e45d30315e6f3991.jpg,16,./data/augmented/
02ebb92c43006832.jpg,11,./data/augmented/
88c917b4708fb4d0.jpg,7,./data/train/
8784cdf5c5549c8b.jpg,3,./data/augmented/
2552a6625015ace2.jpg,8,./data/augmented/
36e1647d484b88b7.jpg,7,./data/augmented/
297bbf30d4be0d50.jpg,3,./data/train/
f4775a882a619874.jpg,2,./data/train/
a66838467277cb38.jpg,3,./data/train/
e8cd3ebad02d1de5.jpg,8,./data/augmented/
2344b9ce3755221e.jpg,8,./data/augmented/
f061a4d1f9a12a9d.jpg,3,./data/augmented/
738660387439a720.jpg,4,./data/augmented/
3729eca1540fe908.jpg,8,./data/train/
0787007d9064369b.jpg,13,./data/augmented/
c7315ae3066ad68d.jpg,16,./data/train/
2c7de2c90fe6388f.jpg,12,./data/augmented/
6951cb8e94d8669b.jpg,10,./data/augmented/
df29ecbe84bcb5af.jpg,6,./data/train/
a12797d405f1cb84.jpg,0,./data/augmented/
d919dabe9f066dfc.jpg,1,./data/train/
94617587c5726ac6.jpg,11,./data/train/
7530a83040316e47.jpg,1,./data/augmented/
47a5d51294b4289a.jpg,9,./data/train/
76d4152b6109538c.jpg,15,./data/augmented/
ef20ff8f143bfafc.jpg,5,./data/train/
8c1d0a0f20edd4c6.jpg,10,./data/train/
e1df80668c20548f.jpg,13,./data/augmented/
12e8c26f252aa8df.jpg,1,./data/train/
f2d8a196eade5657.jpg,11,./data/train/
bc41f760002af33d.jpg,6,./data/augmented/
b24e858828f3c79f.jpg,2,./data/train/
5abeb78c00f3cb48.jpg,12,./data/train/
dda2df9797b370e7.jpg,3,./data/train/
d701754e411dcacb.jpg,10,./data/train/
b141a5c55d387a8a.jpg,6,./data/train/
3662df95535e82f1.jpg,6,./data/augmented/
3dc5a8b739699f93.jpg,11,./data/train/
2e2d105c5a7df767.jpg,4,./data/train/
a6efb7921dbd0db0.jpg,2,./data/augmented/
7525cd248ec56e2c.jpg,10,./data/train/
c70d7245dd936788.jpg,4,./data/augmented/
dd499c243ecdd300.jpg,10,./data/augmented/
f2079413e6c49f35.jpg,8,./data/train/
bcb61c4330131a1b.jpg,1,./data/augmented/
60d372fb5e69fafe.jpg,4,./data/train/
37492d1e2cd93ccb.jpg,10,./data/train/
a8bdaa6f4ac3e1f2.jpg,2,./data/train/
cec6675f8c39147c.jpg,1,./data/train/
e6b7972300792a1d.jpg,5,./data/augmented/
a6efb7921dbd0db0.jpg,2,./data/train/
4f1a963ecae7b3ed.jpg,2,./data/train/
fcc6d937960351e3.jpg,11,./data/augmented/
754e4dceff5995d5.jpg,12,./data/train/
822f9d89d790a354.jpg,12,./data/augmented/
de884241d9d56c7d.jpg,6,./data/train/
0702d1b6007837c7.jpg,12,./data/augmented/
16176cca20eed3c8.jpg,4,./data/augmented/
10234347b425ff7e.jpg,12,./data/augmented/
885e3733e3860193.jpg,4,./data/train/
3d2652bc161341c1.jpg,16,./data/augmented/
776f90fdda83d089.jpg,16,./data/augmented/
64be3ad0b648f8ca.jpg,4,./data/train/
4e63bb0e147078b6.jpg,13,./data/train/
309ce6a6e13f0177.jpg,1,./data/train/
8ad81df83d9f63e5.jpg,6,./data/train/
7a5c7b2d02f2dca6.jpg,4,./data/train/
9b2272b4866df031.jpg,10,./data/train/
1d5ba2a00f0b1337.jpg,5,./data/augmented/
f9bfe5eae7d723ce.jpg,7,./data/train/
be6311cc2841ba1f.jpg,7,./data/train/
584c63a3663cd4eb.jpg,6,./data/augmented/
e6e4186f462c590e.jpg,16,./data/augmented/
bc78e06b69c5f683.jpg,5,./data/train/
98bc083ee47cec64.jpg,5,./data/train/
9844093dcf939ab8.jpg,16,./data/train/
2d2269b6c266dff0.jpg,4,./data/augmented/
